{
    "packages": [
        {
            "name": "guzzlehttp/guzzle",
            "version": "7.3.0",
            "version_normalized": "7.3.0.0",
            "source": {
                "type": "git",
                "url": "https://github.com/guzzle/guzzle.git",
                "reference": "7008573787b430c1c1f650e3722d9bba59967628"
            },
            "dist": {
                "type": "zip",
                "url": "https://api.github.com/repos/guzzle/guzzle/zipball/7008573787b430c1c1f650e3722d9bba59967628",
                "reference": "7008573787b430c1c1f650e3722d9bba59967628",
                "shasum": ""
            },
            "require": {
                "ext-json": "*",
                "guzzlehttp/promises": "^1.4",
                "guzzlehttp/psr7": "^1.7 || ^2.0",
                "php": "^7.2.5 || ^8.0",
                "psr/http-client": "^1.0"
            },
            "provide": {
                "psr/http-client-implementation": "1.0"
            },
            "require-dev": {
                "bamarni/composer-bin-plugin": "^1.4.1",
                "ext-curl": "*",
                "php-http/client-integration-tests": "^3.0",
                "phpunit/phpunit": "^8.5.5 || ^9.3.5",
                "psr/log": "^1.1"
            },
            "suggest": {
                "ext-curl": "Required for CURL handler support",
                "ext-intl": "Required for Internationalized Domain Name (IDN) support",
                "psr/log": "Required for using the Log middleware"
            },
            "time": "2021-03-23T11:33:13+00:00",
            "type": "library",
            "extra": {
                "branch-alias": {
                    "dev-master": "7.3-dev"
                }
            },
            "installation-source": "dist",
            "autoload": {
                "psr-4": {
                    "GuzzleHttp\\": "src/"
                },
                "files": [
                    "src/functions_include.php"
                ]
            },
            "notification-url": "https://packagist.org/downloads/",
            "license": [
                "MIT"
            ],
            "authors": [
                {
                    "name": "Michael Dowling",
                    "email": "mtdowling@gmail.com",
                    "homepage": "https://github.com/mtdowling"
                },
                {
                    "name": "Márk Sági-Kazár",
                    "email": "mark.sagikazar@gmail.com",
                    "homepage": "https://sagikazarmark.hu"
                }
            ],
            "description": "Guzzle is a PHP HTTP client library",
            "homepage": "http://guzzlephp.org/",
            "keywords": [
                "client",
                "curl",
                "framework",
                "http",
                "http client",
                "psr-18",
                "psr-7",
                "rest",
                "web service"
            ],
            "support": {
                "issues": "https://github.com/guzzle/guzzle/issues",
                "source": "https://github.com/guzzle/guzzle/tree/7.3.0"
            },
            "funding": [
                {
                    "url": "https://github.com/GrahamCampbell",
                    "type": "github"
                },
                {
                    "url": "https://github.com/Nyholm",
                    "type": "github"
                },
                {
                    "url": "https://github.com/alexeyshockov",
                    "type": "github"
                },
                {
                    "url": "https://github.com/gmponos",
                    "type": "github"
                }
            ],
            "install-path": "../guzzlehttp/guzzle"
        },
        {
            "name": "guzzlehttp/promises",
            "version": "1.4.1",
            "version_normalized": "1.4.1.0",
            "source": {
                "type": "git",
                "url": "https://github.com/guzzle/promises.git",
                "reference": "8e7d04f1f6450fef59366c399cfad4b9383aa30d"
            },
            "dist": {
                "type": "zip",
                "url": "https://api.github.com/repos/guzzle/promises/zipball/8e7d04f1f6450fef59366c399cfad4b9383aa30d",
                "reference": "8e7d04f1f6450fef59366c399cfad4b9383aa30d",
                "shasum": ""
            },
            "require": {
                "php": ">=5.5"
            },
            "require-dev": {
                "symfony/phpunit-bridge": "^4.4 || ^5.1"
            },
            "time": "2021-03-07T09:25:29+00:00",
            "type": "library",
            "extra": {
                "branch-alias": {
                    "dev-master": "1.4-dev"
                }
            },
            "installation-source": "dist",
            "autoload": {
                "psr-4": {
                    "GuzzleHttp\\Promise\\": "src/"
                },
                "files": [
                    "src/functions_include.php"
                ]
            },
            "notification-url": "https://packagist.org/downloads/",
            "license": [
                "MIT"
            ],
            "authors": [
                {
                    "name": "Michael Dowling",
                    "email": "mtdowling@gmail.com",
                    "homepage": "https://github.com/mtdowling"
                }
            ],
            "description": "Guzzle promises library",
            "keywords": [
                "promise"
            ],
            "support": {
                "issues": "https://github.com/guzzle/promises/issues",
                "source": "https://github.com/guzzle/promises/tree/1.4.1"
            },
            "install-path": "../guzzlehttp/promises"
        },
        {
            "name": "guzzlehttp/psr7",
            "version": "1.8.2",
            "version_normalized": "1.8.2.0",
            "source": {
                "type": "git",
                "url": "https://github.com/guzzle/psr7.git",
                "reference": "dc960a912984efb74d0a90222870c72c87f10c91"
            },
            "dist": {
                "type": "zip",
                "url": "https://api.github.com/repos/guzzle/psr7/zipball/dc960a912984efb74d0a90222870c72c87f10c91",
                "reference": "dc960a912984efb74d0a90222870c72c87f10c91",
                "shasum": ""
            },
            "require": {
                "php": ">=5.4.0",
                "psr/http-message": "~1.0",
                "ralouphie/getallheaders": "^2.0.5 || ^3.0.0"
            },
            "provide": {
                "psr/http-message-implementation": "1.0"
            },
            "require-dev": {
                "ext-zlib": "*",
                "phpunit/phpunit": "~4.8.36 || ^5.7.27 || ^6.5.14 || ^7.5.20 || ^8.5.8 || ^9.3.10"
            },
            "suggest": {
                "laminas/laminas-httphandlerrunner": "Emit PSR-7 responses"
            },
            "time": "2021-04-26T09:17:50+00:00",
            "type": "library",
            "extra": {
                "branch-alias": {
                    "dev-master": "1.7-dev"
                }
            },
            "installation-source": "dist",
            "autoload": {
                "psr-4": {
                    "GuzzleHttp\\Psr7\\": "src/"
                },
                "files": [
                    "src/functions_include.php"
                ]
            },
            "notification-url": "https://packagist.org/downloads/",
            "license": [
                "MIT"
            ],
            "authors": [
                {
                    "name": "Michael Dowling",
                    "email": "mtdowling@gmail.com",
                    "homepage": "https://github.com/mtdowling"
                },
                {
                    "name": "Tobias Schultze",
                    "homepage": "https://github.com/Tobion"
                }
            ],
            "description": "PSR-7 message implementation that also provides common utility methods",
            "keywords": [
                "http",
                "message",
                "psr-7",
                "request",
                "response",
                "stream",
                "uri",
                "url"
            ],
            "support": {
                "issues": "https://github.com/guzzle/psr7/issues",
                "source": "https://github.com/guzzle/psr7/tree/1.8.2"
            },
            "install-path": "../guzzlehttp/psr7"
        },
        {
            "name": "paragonie/random_compat",
            "version": "v9.99.100",
            "version_normalized": "9.99.100.0",
            "source": {
                "type": "git",
                "url": "https://github.com/paragonie/random_compat.git",
                "reference": "996434e5492cb4c3edcb9168db6fbb1359ef965a"
            },
            "dist": {
                "type": "zip",
                "url": "https://api.github.com/repos/paragonie/random_compat/zipball/996434e5492cb4c3edcb9168db6fbb1359ef965a",
                "reference": "996434e5492cb4c3edcb9168db6fbb1359ef965a",
                "shasum": ""
            },
            "require": {
                "php": ">= 7"
            },
            "require-dev": {
                "phpunit/phpunit": "4.*|5.*",
                "vimeo/psalm": "^1"
            },
            "suggest": {
                "ext-libsodium": "Provides a modern crypto API that can be used to generate random bytes."
            },
            "time": "2020-10-15T08:29:30+00:00",
            "type": "library",
            "installation-source": "dist",
            "notification-url": "https://packagist.org/downloads/",
            "license": [
                "MIT"
            ],
            "authors": [
                {
                    "name": "Paragon Initiative Enterprises",
                    "email": "security@paragonie.com",
                    "homepage": "https://paragonie.com"
                }
            ],
            "description": "PHP 5.x polyfill for random_bytes() and random_int() from PHP 7",
            "keywords": [
                "csprng",
                "polyfill",
                "pseudorandom",
                "random"
            ],
            "support": {
                "email": "info@paragonie.com",
                "issues": "https://github.com/paragonie/random_compat/issues",
                "source": "https://github.com/paragonie/random_compat"
            },
            "install-path": "../paragonie/random_compat"
        },
        {
            "name": "paragonie/sodium_compat",
            "version": "v1.16.1",
            "version_normalized": "1.16.1.0",
            "source": {
                "type": "git",
                "url": "https://github.com/paragonie/sodium_compat.git",
                "reference": "2e856afe80bfc968b47da1f4a7e1ea8f03d06b38"
            },
            "dist": {
                "type": "zip",
                "url": "https://api.github.com/repos/paragonie/sodium_compat/zipball/2e856afe80bfc968b47da1f4a7e1ea8f03d06b38",
                "reference": "2e856afe80bfc968b47da1f4a7e1ea8f03d06b38",
                "shasum": ""
            },
            "require": {
                "paragonie/random_compat": ">=1",
                "php": "^5.2.4|^5.3|^5.4|^5.5|^5.6|^7|^8"
            },
            "require-dev": {
                "phpunit/phpunit": "^3|^4|^5|^6|^7|^8|^9"
            },
            "suggest": {
                "ext-libsodium": "PHP < 7.0: Better performance, password hashing (Argon2i), secure memory management (memzero), and better security.",
                "ext-sodium": "PHP >= 7.0: Better performance, password hashing (Argon2i), secure memory management (memzero), and better security."
            },
            "time": "2021-05-25T12:58:14+00:00",
            "type": "library",
            "installation-source": "dist",
            "autoload": {
                "files": [
                    "autoload.php"
                ]
            },
            "notification-url": "https://packagist.org/downloads/",
            "license": [
                "ISC"
            ],
            "authors": [
                {
                    "name": "Paragon Initiative Enterprises",
                    "email": "security@paragonie.com"
                },
                {
                    "name": "Frank Denis",
                    "email": "jedisct1@pureftpd.org"
                }
            ],
            "description": "Pure PHP implementation of libsodium; uses the PHP extension if it exists",
            "keywords": [
                "Authentication",
                "BLAKE2b",
                "ChaCha20",
                "ChaCha20-Poly1305",
                "Chapoly",
                "Curve25519",
                "Ed25519",
                "EdDSA",
                "Edwards-curve Digital Signature Algorithm",
                "Elliptic Curve Diffie-Hellman",
                "Poly1305",
                "Pure-PHP cryptography",
                "RFC 7748",
                "RFC 8032",
                "Salpoly",
                "Salsa20",
                "X25519",
                "XChaCha20-Poly1305",
                "XSalsa20-Poly1305",
                "Xchacha20",
                "Xsalsa20",
                "aead",
                "cryptography",
                "ecdh",
                "elliptic curve",
                "elliptic curve cryptography",
                "encryption",
                "libsodium",
                "php",
                "public-key cryptography",
                "secret-key cryptography",
                "side-channel resistant"
            ],
            "support": {
                "issues": "https://github.com/paragonie/sodium_compat/issues",
                "source": "https://github.com/paragonie/sodium_compat/tree/v1.16.1"
            },
            "install-path": "../paragonie/sodium_compat"
        },
        {
            "name": "psr/http-client",
            "version": "1.0.1",
            "version_normalized": "1.0.1.0",
            "source": {
                "type": "git",
                "url": "https://github.com/php-fig/http-client.git",
                "reference": "2dfb5f6c5eff0e91e20e913f8c5452ed95b86621"
            },
            "dist": {
                "type": "zip",
                "url": "https://api.github.com/repos/php-fig/http-client/zipball/2dfb5f6c5eff0e91e20e913f8c5452ed95b86621",
                "reference": "2dfb5f6c5eff0e91e20e913f8c5452ed95b86621",
                "shasum": ""
            },
            "require": {
                "php": "^7.0 || ^8.0",
                "psr/http-message": "^1.0"
            },
            "time": "2020-06-29T06:28:15+00:00",
            "type": "library",
            "extra": {
                "branch-alias": {
                    "dev-master": "1.0.x-dev"
                }
            },
            "installation-source": "dist",
            "autoload": {
                "psr-4": {
                    "Psr\\Http\\Client\\": "src/"
                }
            },
            "notification-url": "https://packagist.org/downloads/",
            "license": [
                "MIT"
            ],
            "authors": [
                {
                    "name": "PHP-FIG",
                    "homepage": "http://www.php-fig.org/"
                }
            ],
            "description": "Common interface for HTTP clients",
            "homepage": "https://github.com/php-fig/http-client",
            "keywords": [
                "http",
                "http-client",
                "psr",
                "psr-18"
            ],
            "support": {
                "source": "https://github.com/php-fig/http-client/tree/master"
            },
            "install-path": "../psr/http-client"
        },
        {
            "name": "psr/http-message",
            "version": "1.0.1",
            "version_normalized": "1.0.1.0",
            "source": {
                "type": "git",
                "url": "https://github.com/php-fig/http-message.git",
                "reference": "f6561bf28d520154e4b0ec72be95418abe6d9363"
            },
            "dist": {
                "type": "zip",
                "url": "https://api.github.com/repos/php-fig/http-message/zipball/f6561bf28d520154e4b0ec72be95418abe6d9363",
                "reference": "f6561bf28d520154e4b0ec72be95418abe6d9363",
                "shasum": ""
            },
            "require": {
                "php": ">=5.3.0"
            },
            "time": "2016-08-06T14:39:51+00:00",
            "type": "library",
            "extra": {
                "branch-alias": {
                    "dev-master": "1.0.x-dev"
                }
            },
            "installation-source": "dist",
            "autoload": {
                "psr-4": {
                    "Psr\\Http\\Message\\": "src/"
                }
            },
            "notification-url": "https://packagist.org/downloads/",
            "license": [
                "MIT"
            ],
            "authors": [
                {
                    "name": "PHP-FIG",
                    "homepage": "http://www.php-fig.org/"
                }
            ],
            "description": "Common interface for HTTP messages",
            "homepage": "https://github.com/php-fig/http-message",
            "keywords": [
                "http",
                "http-message",
                "psr",
                "psr-7",
                "request",
                "response"
            ],
            "support": {
                "source": "https://github.com/php-fig/http-message/tree/master"
            },
            "install-path": "../psr/http-message"
        },
        {
            "name": "psr/log",
            "version": "1.1.4",
            "version_normalized": "1.1.4.0",
            "source": {
                "type": "git",
                "url": "https://github.com/php-fig/log.git",
                "reference": "d49695b909c3b7628b6289db5479a1c204601f11"
            },
            "dist": {
                "type": "zip",
                "url": "https://api.github.com/repos/php-fig/log/zipball/d49695b909c3b7628b6289db5479a1c204601f11",
                "reference": "d49695b909c3b7628b6289db5479a1c204601f11",
                "shasum": ""
            },
            "require": {
                "php": ">=5.3.0"
            },
            "time": "2021-05-03T11:20:27+00:00",
            "type": "library",
            "extra": {
                "branch-alias": {
                    "dev-master": "1.1.x-dev"
                }
            },
            "installation-source": "dist",
            "autoload": {
                "psr-4": {
                    "Psr\\Log\\": "Psr/Log/"
                }
            },
            "notification-url": "https://packagist.org/downloads/",
            "license": [
                "MIT"
            ],
            "authors": [
                {
                    "name": "PHP-FIG",
                    "homepage": "https://www.php-fig.org/"
                }
            ],
            "description": "Common interface for logging libraries",
            "homepage": "https://github.com/php-fig/log",
            "keywords": [
                "log",
                "psr",
                "psr-3"
            ],
            "support": {
                "source": "https://github.com/php-fig/log/tree/1.1.4"
            },
            "install-path": "../psr/log"
        },
        {
            "name": "pusher/pusher-php-server",
            "version": "6.1.0",
            "version_normalized": "6.1.0.0",
            "source": {
                "type": "git",
                "url": "https://github.com/pusher/pusher-http-php.git",
                "reference": "8673f60458ceedb9531fad7a5747eb49de619a8a"
            },
            "dist": {
                "type": "zip",
                "url": "https://api.github.com/repos/pusher/pusher-http-php/zipball/8673f60458ceedb9531fad7a5747eb49de619a8a",
                "reference": "8673f60458ceedb9531fad7a5747eb49de619a8a",
                "shasum": ""
            },
            "require": {
                "ext-curl": "*",
                "guzzlehttp/guzzle": "^7.2",
                "paragonie/sodium_compat": "^1.6",
                "php": "^7.2.5|^8.0",
                "psr/log": "^1.0"
            },
            "require-dev": {
                "overtrue/phplint": "^2.3",
                "phpunit/phpunit": "^7.2|^8.5|^9.3"
            },
            "time": "2021-03-24T08:23:36+00:00",
            "type": "library",
            "extra": {
                "branch-alias": {
                    "dev-master": "5.0-dev"
                }
            },
            "installation-source": "dist",
            "autoload": {
                "psr-4": {
                    "Pusher\\": "src/"
                }
            },
            "notification-url": "https://packagist.org/downloads/",
            "license": [
                "MIT"
            ],
            "description": "Library for interacting with the Pusher REST API",
            "keywords": [
                "events",
                "messaging",
                "php-pusher-server",
                "publish",
                "push",
                "pusher",
                "real time",
                "real-time",
                "realtime",
                "rest",
                "trigger"
            ],
            "support": {
                "issues": "https://github.com/pusher/pusher-http-php/issues",
                "source": "https://github.com/pusher/pusher-http-php/tree/6.1.0"
            },
            "install-path": "../pusher/pusher-php-server"
        },
        {
            "name": "ralouphie/getallheaders",
            "version": "3.0.3",
            "version_normalized": "3.0.3.0",
            "source": {
                "type": "git",
                "url": "https://github.com/ralouphie/getallheaders.git",
                "reference": "120b605dfeb996808c31b6477290a714d356e822"
            },
            "dist": {
                "type": "zip",
                "url": "https://api.github.com/repos/ralouphie/getallheaders/zipball/120b605dfeb996808c31b6477290a714d356e822",
                "reference": "120b605dfeb996808c31b6477290a714d356e822",
                "shasum": ""
            },
            "require": {
                "php": ">=5.6"
            },
            "require-dev": {
                "php-coveralls/php-coveralls": "^2.1",
                "phpunit/phpunit": "^5 || ^6.5"
            },
            "time": "2019-03-08T08:55:37+00:00",
            "type": "library",
            "installation-source": "dist",
            "autoload": {
                "files": [
                    "src/getallheaders.php"
                ]
            },
            "notification-url": "https://packagist.org/downloads/",
            "license": [
                "MIT"
            ],
            "authors": [
                {
                    "name": "Ralph Khattar",
                    "email": "ralph.khattar@gmail.com"
                }
            ],
            "description": "A polyfill for getallheaders.",
            "support": {
                "issues": "https://github.com/ralouphie/getallheaders/issues",
                "source": "https://github.com/ralouphie/getallheaders/tree/develop"
            },
            "install-path": "../ralouphie/getallheaders"
        }
    ],
    "dev": true,
    "dev-package-names": []
}
